[{
    id: 1,
    name: "司徒正美",
    items: [{
        "id": "a",
        "type": "phone number",
        "value": "555-1234-1234"
    }, {
        "id": "b",
        "type": "email",
        "value": "alice@mailinator.com"
    }]
}, {
    id: 2,
    name: "清风火羽",
    "items": [{
        "id": "a",
        "type": "blog",
        "value": "http://bob.blogger.com"
    }, {
        "id": "b",
        "type": "fax",
        "value": "555-999-9999"
    }]
}, {
    id: 3,
    name: "光明之星",
    "items": [{
        "id": "a",
        "type": "blog",
        "value": "http://bob.blogger.com"
    }, {
        "id": "b",
        "type": "fax",
        "value": "111-222-333"
    }]
}, {
    id: 4,
    name: "rubylouver",
    "items": [{
        "id": "a",
        "type": "blog",
        "value": "http://bob.rubylouver.com"
    }, {
        "id": "b",
        "type": "fax",
        "value": "111-222-333"
    }]
}]